<?xml version="1.0" encoding="UTF-8"?>
<!DOCTYPE mapper
 PUBLIC "-//mybatis.org//DTD Mapper 3.0//EN"
 "http://mybatis.org/dtd/mybatis-3-mapper.dtd">
<mapper namespace="pms.mapper.DeptMapper">
	<insert id="insertDept">
		insert into dept(dept_name,dept_floor,dept_num,dept_time,dept_area) 
		values(#{deptName},#{deptFloor},#{deptNum},#{deptTime},#{deptArea})
		<selectKey resultType="int" keyProperty="deptId" order="AFTER">
			select @@identity
		</selectKey>
	</insert>
	<select id="findFloor" resultType="int">
		select dept_floor from dept where dept_id = #{value}
	</select>
	<select id="findDept" resultType="Dept">
		select * from dept
		<where>
			<if test="deptId !=null and deptId!='' or deptId==0">
				dept_id=#{deptId}
			</if>
		</where>
	</select>
	<select id="countDept" resultType="int">
		select count(*) from dept
		<where>
			<if test="deptId !=null and deptId!='' or deptId==0">
				dept_id=#{deptId}
			</if>
		</where>
	</select>
</mapper>