<?xml version="1.0" encoding="UTF-8"?>
<!DOCTYPE mapper
 PUBLIC "-//mybatis.org//DTD Mapper 3.0//EN"
 "http://mybatis.org/dtd/mybatis-3-mapper.dtd">
<mapper namespace="pms.mapper.UserMapper">
	<update id="updateEmail">
		update user set email=#{email} where id=#{id}
	</update>
	<update id="updateUser" >
		update user set owner_id=#{ownerId} where id=#{userId}
	</update>
	<insert id="insertUser">
		insert into user(username,password,email) values(#{username},#{password},#{email})
		<selectKey resultType="int" keyProperty="id" order="AFTER">
			select @@identity
		</selectKey>
	</insert>
	<insert id="insertRole">
		insert into user_role (user_id,role_id) values(#{id},2)
	</insert>
	<select id="findUserByEmail" resultType="SysUser">
		select * from user where email=#{value}
	</select>
	<select id="findUserByUsername" resultMap="UserMap">
		select * from user where username=#{value}
	</select>
	<select id="findUserByOwnerId" resultType="SysUser">
		select * from user where owner_id=#{value}
	</select>
	<resultMap id="UserMap" type="SysUser">
		<id column="id" property="id"></id>
		<result column="username" property="username"></result>
		<result column="password" property="password"></result>
		<collection property="roles" ofType="SysUser" select="findRoles" column="id"></collection>
	</resultMap>
	<select id="findRoles" resultType="SysRole">
		SELECT
			*
		FROM
			role r,
			user_role ur,
			USER u
		WHERE
			r.id = ur.role_id
			AND u.id = ur.user_id
			AND u.id=#{value}
	</select>
	<update id="updatePassword">
		update user set password=#{password} where username=#{username}
	</update>
</mapper>